{"cameraMode":{"drawMode":0,"name":"Shaded","section":"Shading Mode"},"sceneLighting":false,"audioPlay":false,"sceneViewState":{"m_AlwaysRefresh":false,"showFog":true,"showSkybox":false,"showFlares":true,"showImageEffects":true,"showParticleSystems":true,"showVisualEffectGraphs":true,"m_FxEnabled":true},"in2DMode":false,"pivot":{"x":-4.900000095367432,"y":0.550000011920929,"z":-3.8770618438720705},"rotation":{"x":-0.15120378136634828,"y":0.018383707851171495,"z":-0.0028091431595385076,"w":-0.9883407950401306},"size":0.6928204298019409,"orthographic":false}